{
  "version": 2,
  "buildCommand": "npm run build",
  "outputDirectory": "dist",
  "framework": "astro",
  
  "routes": [
    {
      "src": "^/api/(.*)",
      "dest": "/api/$1"
    },
    {
      "src": "^/zh(.*)",
      "headers": {
        "Content-Language": "zh-CN",
        "Cache-Control": "public, max-age=3600"
      }
    },
    {
      "src": "^/(.*)",
      "headers": {
        "Content-Language": "en-US",
        "Cache-Control": "public, max-age=3600"
      }
    }
  ],
  
  "redirects": [
    {
      "source": "/",
      "has": [
        {
          "type": "header",
          "key": "accept-language",
          "value": "zh.*"
        }
      ],
      "destination": "/zh",
      "permanent": false
    }
  ],
  
  "headers": [
    {
      "source": "/(.*)",
      "headers": [
        {
          "key": "X-Content-Type-Options",
          "value": "nosniff"
        },
        {
          "key": "X-Frame-Options",
          "value": "SAMEORIGIN"
        },
        {
          "key": "X-XSS-Protection",
          "value": "1; mode=block"
        },
        {
          "key": "Referrer-Policy",
          "value": "strict-origin-when-cross-origin"
        }
      ]
    },
    {
      "source": "/images/(.*)",
      "headers": [
        {
          "key": "Cache-Control",
          "value": "public, max-age=31536000, immutable"
        }
      ]
    }
  ],
  
  "env": {
    "SITE_URL_EN": "https://en.raytron.group",
    "SITE_URL_CN": "https://cn.raytron.group"
  }
}