{
  "extends": [
    "eslint:recommended",
    "plugin:@typescript-eslint/recommended",
    "plugin:astro/recommended",
    "plugin:jsx-a11y/recommended"
  ],
  "parser": "@typescript-eslint/parser",
  "parserOptions": {
    "ecmaVersion": "latest",
    "sourceType": "module",
    "ecmaFeatures": {
      "jsx": true
    }
  },
  "env": {
    "browser": true,
    "es2022": true,
    "node": true
  },
  "plugins": [
    "@typescript-eslint",
    "jsx-a11y"
  ],
  "rules": {
    "@typescript-eslint/no-unused-vars": ["warn", {
      "argsIgnorePattern": "^_",
      "varsIgnorePattern": "^_"
    }],
    "@typescript-eslint/no-explicit-any": "warn",
    "no-console": ["warn", { "allow": ["warn", "error"] }],
    "prefer-const": "warn"
  },
  "overrides": [
    {
      "files": ["*.astro"],
      "parser": "astro-eslint-parser",
      "parserOptions": {
        "parser": "@typescript-eslint/parser",
        "extraFileExtensions": [".astro"]
      },
      "rules": {
        "astro/no-conflict-set-directives": "error",
        "astro/no-unused-define-vars-in-style": "error"
      }
    },
    {
      "files": ["*.tsx", "*.jsx"],
      "extends": [
        "plugin:react/recommended",
        "plugin:react-hooks/recommended"
      ],
      "settings": {
        "react": {
          "version": "detect"
        }
      },
      "rules": {
        "react/react-in-jsx-scope": "off",
        "react/prop-types": "off"
      }
    }
  ]
}
